id,name,album_id,album_name,album_release_date,duration_ms,popularity,explicit,preview_url,isrc,image_url,danceability,energy,key,loudness,mode,speechiness,acousticness,instrumentalness,liveness,valence,tempo,time_signature,features_fetched_at,created_at,updated_at,deezer_track_id,apple_track_id,mb_recording_mbid,gain,genre_primary,genre_tags,derived_valence,derived_energy,last_enriched_at,meta_provider,bpm,artist_name,album_image_url
00v2tOidHdS70IEOQC6wTo,All The Way,,Like No 1 Else,,392580,,false,,DEZC62282041,https://i.scdn.co/image/ab67616d0000b2733d5c0a6bceaa248be2971f67,,,,,,,,,,,0.000,,,2025-09-07 19:39:26.233668+00,2025-09-07 19:39:26.233668+00,1903901237,,,-11.6,Electro,"[""house"",""electro"",""deep house"",""Electro""]",,0.7,2025-09-07 19:41:57.918+00,"{""spotify_track"": true}",0,Júlio Cruz,https://i.scdn.co/image/ab67616d0000b2733d5c0a6bceaa248be2971f67
02evyVGKt4jjuBAlgHzag5,Back At Ya,,Back At Ya,,234500,,false,,QZQAY2508769,https://i.scdn.co/image/ab67616d0000b27362ee3f2f4b8e7500ee956c5b,,,,,,,,,,,0.000,,,2025-09-10 21:45:18.335988+00,2025-09-10 21:45:18.335988+00,3403103301,,,-11.1,Electro,"[""house"",""Electro"",""Dance""]",,0.7,2025-09-12 18:32:38.84+00,"{""spotify_track"": true}",0,Robbie Doherty,https://i.scdn.co/image/ab67616d0000b27362ee3f2f4b8e7500ee956c5b
06AXrhmbIFTb5iujh2dYyq,Submission - L.P. Rhythm Remix,,Submission,,221890,,false,,GBKQU2431524,https://i.scdn.co/image/ab67616d0000b27361dae4100cc8f05524fa9f07,,,,,,,,,,,0.000,,,2025-09-09 22:27:16.718+00,2025-09-09 22:27:16.718+00,2728716501,,,-9.5,Electro,"[""the voice"",""the voice uk"",""Electro"",""Techno/House""]",,,2025-09-09 22:27:31.213+00,"{""spotify_track"": true}",0,"Liam Palmer, Elliot Schooling, Gabrielle Alexis, L.P. Rhythm",https://i.scdn.co/image/ab67616d0000b27361dae4100cc8f05524fa9f07
09FhTsmePmERV5mWBpYBOH,"Please, Stay",,Fair,,605000,,false,,FR10S1954595,https://i.scdn.co/image/ab67616d0000b273bf9eef6177c71f3972d09d0c,0.858,0.498,0,-12.867,1,0.060,0.016,0.91500,0.110,0.174,0.000,,2025-09-13 18:34:06.292+00,2025-09-13 18:30:02.886268+00,2025-09-13 18:30:02.886268+00,633724782,,,-11.7,Electro,"[""house"",""deep house"",""outsider house"",""lo-fi house"",""electronic"",""Electro"",""Techno/House"",""Dance""]",,0.7,2025-09-13 18:37:27.299+00,"{""spotify_track"": true}",0,Matthieu Faubourg,https://i.scdn.co/image/ab67616d0000b273bf9eef6177c71f3972d09d0c
0cC7TEZ5ZB0IZ9iRMYW13X,SeeSaw - Club Version,,SeeSaw (Club Version),,341760,,false,,GBBKS1600003,https://i.scdn.co/image/ab67616d0000b273e77db89a3968a808981772f3,,,,,,,,,,,0.000,,,2025-09-09 22:27:16.718+00,2025-09-09 22:27:16.718+00,138546609,,,-10.3,Electro,"[""house"",""electronic"",""pop"",""electropop"",""dance-pop"",""deep house"",""dance"",""synthpop"",""Electro""]",0.7,0.667,2025-09-09 22:27:34.985+00,"{""spotify_track"": true}",0,"Jamie xx, Four Tet, Romy",https://i.scdn.co/image/ab67616d0000b273e77db89a3968a808981772f3
0dmeBl3THoDOlDwWLBT9jy,In Da Q,,In Da Q,,233798,,false,,FR9W12323352,https://i.scdn.co/image/ab67616d0000b2732ba586a8007a52a88632c9e0,,,,,,,,,,,0.000,,,2025-09-07 19:39:26.233668+00,2025-09-07 19:39:26.233668+00,2306387705,,,-8.8,Electro,"[""house"",""deep house"",""lofi house"",""lo-fi house"",""Electro"",""Techno/House"",""Dance""]",,0.7,2025-09-07 19:41:54.759+00,"{""spotify_track"": true}",0,DATSKO,https://i.scdn.co/image/ab67616d0000b2732ba586a8007a52a88632c9e0
0eEYax5zHz46XYmD0RJdx6,Strobe - Club Edit,,Strobe,,381380,,false,,GBTDG0900153,https://i.scdn.co/image/ab67616d0000b273ac4c76801e5286f371b5f4b1,,,,,,,,,,,128.000,,,2025-09-10 21:45:18.335988+00,2025-09-10 21:45:18.335988+00,5150300,,,-10.1,Dance,"[""progressive house"",""house"",""electronic"",""electro house"",""electro"",""minimal"",""tech house"",""cinematic classical"",""Dance""]",,0.7,2025-09-12 18:32:39.931+00,"{""spotify_track"": true}",128,deadmau5,https://i.scdn.co/image/ab67616d0000b273ac4c76801e5286f371b5f4b1
0gN3qt7sYGHC3q21osirSa,Introvert,,Risk Taker EP,,241511,,false,,GBKQU2368903,https://i.scdn.co/image/ab67616d0000b273f6017b526e97f95bc9502104,0.799,0.818,11,-8.842,0,0.043,0.005,0.92200,0.098,0.886,129.000,,2025-09-13 18:34:52.898+00,2025-09-12 18:32:36.299244+00,2025-09-12 18:32:36.299244+00,2371354945,,,-9.5,Electro,"[""house"",""dutch"",""deep house"",""Electro"",""Techno/House""]",,0.7,2025-09-12 19:58:27.177+00,"{""spotify_track"": true}",129,Marsolo,https://i.scdn.co/image/ab67616d0000b273f6017b526e97f95bc9502104
0q6l4RyYEVNs7qqjsn734J,Amygdala,,Amygdala,,323526,,false,,QZH9R1900001,https://i.scdn.co/image/ab67616d0000b27370f16b6e848fb8e55bde6370,,,,,,,,,,,0.000,,,2025-09-07 19:39:26.233668+00,2025-09-07 19:39:26.233668+00,2204598017,,,-9.8,Electro,"[""outsider house"",""deep house"",""house"",""electronic"",""electro"",""belgium"",""lo-fi"",""breakbeat"",""Electro"",""Rap/Hip Hop""]",,0.475,2025-09-07 19:41:58.268+00,"{""spotify_track"": true}",0,Supreems,https://i.scdn.co/image/ab67616d0000b27370f16b6e848fb8e55bde6370
0QyTqFRTXonHN7OqK29eG4,Nightmare - Edit,,Nightmare,,219718,,false,,GBKQU2503381,https://i.scdn.co/image/ab67616d0000b2738ff04af84ad67d9ee9138abd,,,,,,,,,,,0.000,,,2025-09-08 20:44:04.208472+00,2025-09-08 20:44:04.208472+00,3185552991,,,-7.4,Electro,"[""Electro"",""Techno/House""]",,,2025-09-08 23:30:23.861+00,"{""spotify_track"": true}",0,"909 RACING TEAM, Domenik Deckert, Mike Momburg",https://i.scdn.co/image/ab67616d0000b2738ff04af84ad67d9ee9138abd
0Rj8CEcGtrdrvicyTBHLSd,meant to be more,,meant to be more,,126131,,false,,QZWFM2581369,https://i.scdn.co/image/ab67616d0000b273770062637f5bade2100a515e,,,,,,,,,,,0.000,,,2025-09-07 19:39:26.233668+00,2025-09-07 19:39:26.233668+00,3478161741,,,-6.5,Electro,"[""Electro"",""Dance""]",,,2025-09-07 19:41:48.764+00,"{""spotify_track"": true}",0,notdavid,https://i.scdn.co/image/ab67616d0000b273770062637f5bade2100a515e
0rxBPcB8F5a36GVPJytNrD,money.,,Grime Sessions,,107600,,true,,QZFZ42534826,https://i.scdn.co/image/ab67616d0000b27342dfc7c61d7c9826d8b8b1f0,,,,,,,,,,,0.000,,,2025-09-09 22:27:16.718+00,2025-09-09 22:27:16.718+00,3185175641,,,-11.8,Rap/Hip Hop,"[""grime"",""Rap/Hip Hop""]",,,2025-09-09 22:27:29.472+00,"{""spotify_track"": true}",0,db.,https://i.scdn.co/image/ab67616d0000b27342dfc7c61d7c9826d8b8b1f0
0w1pZWeaq3DpveUedz7lxN,So U Kno - DJ Mix,,fabric presents Overmono (Mixed),,202733,,false,,GBEXH2100056,https://i.scdn.co/image/ab67616d0000b27354fdfed54f16e12474ea9918,,,,,,,,,,,0.000,,,2025-09-12 18:32:36.299244+00,2025-09-12 18:32:36.299244+00,3206661951,,,-10.2,Electro,"[""techno"",""breakbeat"",""ambient"",""hardcore"",""dance"",""electronica"",""dubstep"",""rave"",""Electro"",""Techno/House"",""Dance""]",0.5,0.65,2025-09-12 19:58:26.147+00,"{""spotify_track"": true}",0,Overmono,https://i.scdn.co/image/ab67616d0000b27354fdfed54f16e12474ea9918
0XMWc0qrKeJnRzzyMj9Q7D,Young Folks,,Young Folks,,249022,,false,,GBENL2303743,https://i.scdn.co/image/ab67616d0000b273419eee0ccea0b1d1a903d0e5,,,,,,,,,,,0.000,,,2025-09-09 22:27:16.718+00,2025-09-09 22:27:16.718+00,2494185081,,,-8.8,Electro,"[""house"",""electronic"",""Electro""]",,0.7,2025-09-09 22:27:32.489+00,"{""spotify_track"": true}",0,"Dom Valentino, Alfie Templeman, Anna of the North",https://i.scdn.co/image/ab67616d0000b273419eee0ccea0b1d1a903d0e5
0zMO7xsgvklgE5EZJNGGaS,Berlin 2009,,Sun FM,,132537,,false,,DEKF22501053,https://i.scdn.co/image/ab67616d0000b273dd62f697a35b594a75ac3dfb,,,,,,,,,,,0.000,,,2025-09-07 19:39:26.233668+00,2025-09-07 19:39:26.233668+00,3463275211,,,-8.7,Dance,"[""dance"",""techno"",""lo-fi house"",""house"",""germany"",""electronic"",""lo-fi"",""Dance""]",0.4,0.613,2025-09-07 19:42:01.505+00,"{""spotify_track"": true}",0,southstar,https://i.scdn.co/image/ab67616d0000b273dd62f697a35b594a75ac3dfb
1617E9xMnr1IuD891SrewO,Helicopter (feat. iceè tgm),,Big Conspiracy,,153853,,true,,GBARL2000035,https://i.scdn.co/image/ab67616d0000b273b19648610030f3da0b4e5cb6,,,,,,,,,,,0.000,,,2025-09-07 19:39:26.233668+00,2025-09-07 19:39:26.233668+00,865546192,,,-9.4,Rap/Hip Hop,"[""grime"",""rap"",""hip-hop"",""afroswing"",""afrobeats"",""england"",""dancehall"",""uk hip hop"",""Rap/Hip Hop""]",0.6,0.6,2025-09-07 19:42:00.198+00,"{""spotify_track"": true}",0,"J Hus, iceè tgm",https://i.scdn.co/image/ab67616d0000b273b19648610030f3da0b4e5cb6
1etAoadoas4wnU7GlLrWm6,You Luv Me (DJ-Kicks),,DJ-Kicks: DJ BORING,,248533,,false,,DEG932402133,https://i.scdn.co/image/ab67616d0000b273fbb802db09abb40dcd367f6c,,,,,,,,,,,0.000,,,2025-09-07 19:39:26.233668+00,2025-09-07 19:39:26.233668+00,2789359352,,,-9,Electro,"[""house"",""deep house"",""outsider house"",""electronic"",""techno"",""lo-fi house"",""lo-fi"",""ambient house"",""Electro""]",0.4,0.583,2025-09-07 19:41:47.372+00,"{""spotify_track"": true}",0,DJ BORING,https://i.scdn.co/image/ab67616d0000b273fbb802db09abb40dcd367f6c
1Kd6MGycd4c8cGbIeRcO3Y,Intense,,Simplicity Is The Ultimate Sophistication,,402463,,false,,GBKQU2014440,https://i.scdn.co/image/ab67616d0000b273341accdc2221c6383c97fb31,,,,,,,,,,,0.000,,,2025-09-09 22:27:16.718+00,2025-09-09 22:27:16.718+00,879808052,,,-12.6,Electro,"[""house"",""deep house"",""outsider house"",""lo-fi house"",""electronic"",""Electro"",""Techno/House""]",,0.7,2025-09-09 22:27:34.375+00,"{""spotify_track"": true}",0,Matthieu Faubourg,https://i.scdn.co/image/ab67616d0000b273341accdc2221c6383c97fb31
1mEQbSq0PCNjyL6oMgHKFQ,LOVE SONG,,SWAG II,,172306,,false,,USUG12508122,https://i.scdn.co/image/ab67616d0000b273a958d093e94944dd0e7258b2,,,,,,,,,,,0.000,,,2025-09-07 19:39:26.233668+00,2025-09-07 19:39:26.233668+00,3541914141,,,-7.1,Pop,"[""pop"",""black metal"",""rnb"",""justin bieber"",""hip-hop"",""canadian"",""teen pop"",""Pop""]",0.65,0.6,2025-09-07 19:41:56.513+00,"{""spotify_track"": true}",0,Justin Bieber,https://i.scdn.co/image/ab67616d0000b273239851044d4fffe6fe8a7215
1NI6bPOvo6D7bVcYaYxvYZ,I've Arrived (with Tomike) (Extended),,I've Arrived (with Tomike) (Extended),,254570,,false,,USA2P2447147,https://i.scdn.co/image/ab67616d0000b27321b650a06494040a4cfb349c,,,,,,,,,,,0.000,,,2025-09-10 21:45:18.335988+00,2025-09-10 21:45:18.335988+00,3024268261,,,-8.8,Dance,"[""house"",""techno"",""irish"",""Dance""]",0.4,0.75,2025-09-12 18:32:39.511+00,"{""spotify_track"": true}",0,"Obskür, Tomike",https://i.scdn.co/image/ab67616d0000b27321b650a06494040a4cfb349c
1qIVzbbXKnhL2cHqMgwWFV,WHATS POPPIN,,WHATS POPPIN,,173114,,false,,QZDA42279001,https://i.scdn.co/image/ab67616d0000b2739c21c37f6819e3f2996ee0f6,,,,,,,,,,,0.000,,,2025-09-07 19:39:26.233668+00,2025-09-07 19:39:26.233668+00,1656924312,,,-12.8,Electro,"[""Electro"",""Dance""]",,,2025-09-07 19:41:48.06+00,"{""spotify_track"": true}",0,TXKA,https://i.scdn.co/image/ab67616d0000b2739c21c37f6819e3f2996ee0f6
1r4cCcbUjG1ysd0OaTQ2Pv,Staying Up Forever,,Staying Up Forever,,196145,,false,,GB6LY1601414,https://i.scdn.co/image/ab67616d0000b273821cf2ce6bcbb7ad42c2329b,,,,,,,,,,,0.000,,,2025-09-12 18:32:36.299244+00,2025-09-12 18:32:36.299244+00,2776691331,,,-8.1,,,,,2025-09-13 18:40:29.84+00,"{""spotify_track"": true}",0,"Subtrax, Calvin Logue",https://i.scdn.co/image/ab67616d0000b273821cf2ce6bcbb7ad42c2329b
1v8VXUD3dprmIg4VbD3TFe,HEARTBREAK3000,,HEARTBREAK3000,,272575,,false,,QZMHN2212281,https://i.scdn.co/image/ab67616d0000b273747b6f69c55065c1340f4508,,,,,,,,,,,0.000,,,2025-09-07 19:39:26.233668+00,2025-09-07 19:39:26.233668+00,1699859797,,,-9.1,Dance,"[""trance"",""gabber"",""hardcore"",""experimental"",""techno"",""eurodance"",""electronic"",""industrial techno"",""Dance""]",0.5,0.775,2025-09-07 19:41:59.521+00,"{""spotify_track"": true}",0,"Aexhy, Funk Tribu, ANTNK",https://i.scdn.co/image/ab67616d0000b273747b6f69c55065c1340f4508
1x9SzB3cLpNsykCO5Y2BfR,Alone Again,,Alone Again,,226958,,false,,CBEFB2400042,https://i.scdn.co/image/ab67616d0000b2739a7954ebf5fff768ca654438,,,,,,,,,,,0.000,,,2025-09-07 19:39:26.233668+00,2025-09-07 19:39:26.233668+00,3073182611,,,-8.1,Electro,"[""trance"",""eurodance"",""techno"",""electronic"",""dance"",""rave"",""90s dance"",""eurodance edits"",""Electro"",""Techno/House""]",0.5,0.787,2025-09-07 19:41:55.445+00,"{""spotify_track"": true}",0,"DJ HEARTSTRING, SWIM",https://i.scdn.co/image/ab67616d0000b2739a7954ebf5fff768ca654438
1Y7ttvLqOOOC4cGnzKQL3J,Turn It Around - Another Mix,,Turn It Around,,258173,,false,,NLDB91600031,https://i.scdn.co/image/ab67616d0000b2737f01e6015534dfd3ed0dbb92,,,,,,,,,,,0.000,,,2025-09-07 19:39:26.233668+00,2025-09-07 19:39:26.233668+00,1192505652,,,-13.6,Dance,"[""vocal trance"",""trance"",""progressive trance"",""female vocal"",""techno"",""dance"",""schlager"",""pop"",""Dance""]",0.567,0.71,2025-09-07 19:41:52.296+00,"{""spotify_track"": true}",0,Alena,https://i.scdn.co/image/ab67616d0000b2737f01e6015534dfd3ed0dbb92
1z6pTKnrEpokcfwked9cNx,I'm Not Alone - MPH Remix,,I'm Not Alone (MPH Remix),,213333,,false,,GBARL2501195,https://i.scdn.co/image/ab67616d0000b2736d8596175a60a695752a0c2a,,,,,,,,,,,0.000,,,2025-09-09 22:27:16.718+00,2025-09-09 22:27:16.718+00,3488265491,,,-8.1,Dance,"[""uk garage"",""electronic"",""bassline"",""dance"",""ukg"",""Dance""]",,0.7,2025-09-09 22:27:31.87+00,"{""spotify_track"": true}",0,"Calvin Harris, MPH",https://i.scdn.co/image/ab67616d0000b2736d8596175a60a695752a0c2a
24kyh4hM1lJTxpfL2QxnTM,Stay With Me,,Stay With Me,,227500,,false,,USZXT2557314,https://i.scdn.co/image/ab67616d0000b273292287294659bd9b105fc4ef,,,,,,,,,,,0.000,,,2025-09-08 20:44:04.208472+00,2025-09-08 20:44:04.208472+00,3442514041,,,-6.5,Electro,"[""techno"",""electro"",""rave"",""electronic"",""trance"",""breaks"",""breakbeat"",""acid"",""Electro""]",0.5,0.817,2025-09-08 23:30:22.699+00,"{""spotify_track"": true}",0,X CLUB.,https://i.scdn.co/image/ab67616d0000b273292287294659bd9b105fc4ef
24ntSW3QVJzR79lHAAOTaY,Texas Sun,,Texas Sun,,252811,,false,,USJ5G1921401,https://i.scdn.co/image/ab67616d0000b273ff26bd277274b27f249cc638,,,,,,,,,,,0.000,,,2025-09-07 19:39:26.233668+00,2025-09-07 19:39:26.233668+00,828216172,,,-12.8,Alternative,"[""blues rock"",""rock"",""alt country"",""americana"",""folk pop"",""country pop"",""us"",""roots rock"",""Alternative""]",,0.7,2025-09-07 19:42:00.852+00,"{""spotify_track"": true}",0,"Khruangbin, Leon Bridges",https://i.scdn.co/image/ab67616d0000b273ff26bd277274b27f249cc638
27H75QUZMb6C0vNfN3T370,Pure Water,,Ignorance is Bliss,,191293,,true,,QM6MZ1960818,https://i.scdn.co/image/ab67616d0000b27348f2487a18a735f457404eb9,,,,,,,,,,,0.000,,,2025-09-07 19:39:26.233668+00,2025-09-07 19:39:26.233668+00,672291012,,,-11.6,Rap/Hip Hop,"[""grime"",""dubstep"",""hip-hop"",""uk garage"",""rap"",""uk hiphop"",""uk hip-hop"",""Rap/Hip Hop""]",0.6,0.6,2025-09-07 19:42:00.562+00,"{""spotify_track"": true}",0,Skepta,https://i.scdn.co/image/ab67616d0000b27348f2487a18a735f457404eb9
27w0RH5IDt6xU3B2j7QOuy,Favourite,,Romance,,256066,,false,,GBBKS2400088,https://i.scdn.co/image/ab67616d0000b273613f62075c85e0b853318026,,,,,,,,,,,0.000,,,2025-09-13 18:30:02.886268+00,2025-09-13 18:30:02.886268+00,2820513332,,,-8.1,Alternative,"[""jangle pop"",""indie pop"",""indie rock"",""post-punk"",""c86"",""wsum 917 fm madison"",""dream pop"",""backpocket hour"",""Alternative""]",,,2025-09-13 18:37:27.738+00,"{""spotify_track"": true}",0,Fontaines D.C.,https://i.scdn.co/image/ab67616d0000b273613f62075c85e0b853318026
29ePEJHqeyGamy2UqDIHtY,Simple Times,,Simple Times,,254314,,false,,GBUM72402267,https://i.scdn.co/image/ab67616d0000b27333dbb9a54822e2296b4fda9e,,,,,,,,,,,0.000,,,2025-09-07 19:39:26.233668+00,2025-09-07 19:39:26.233668+00,2738504191,,,-7,Dance,"[""electronic"",""chillwave"",""pop"",""alternative rnb"",""electropop"",""dance"",""all"",""england"",""Dance""]",0.7,0.65,2025-09-07 19:41:55.119+00,"{""spotify_track"": true}",0,"SG Lewis, DJ Seinfeld",https://i.scdn.co/image/ab67616d0000b27333dbb9a54822e2296b4fda9e
29iva9idM6rFCPUlu7Rhxl,YUKON,,SWAG,,163866,,false,,USUG12506174,https://i.scdn.co/image/ab67616d0000b273172de562840d588bfdda27f3,,,,,,,,,,,0.000,,,2025-09-07 19:39:26.233668+00,2025-09-07 19:39:26.233668+00,3454558671,,,-11.4,Pop,"[""downtempo"",""indie pop"",""alternative rnb"",""bedroom pop"",""Pop""]",,0.3,2025-09-07 19:42:01.82+00,"{""spotify_track"": true}",0,Justin Bieber,https://i.scdn.co/image/ab67616d0000b273172de562840d588bfdda27f3
2dV495xNP0YXSYttrI9R3Z,Imagination,,Imagination,,255867,,false,,QZK6N2294133,https://i.scdn.co/image/ab67616d0000b273067490e503e21ec518671a90,,,,,,,,,,,0.000,,,2025-09-08 01:11:48.217142+00,2025-09-08 01:11:48.217142+00,1788143357,,,-13.4,Electro,"[""house"",""lo-fi house"",""electronic"",""lo-fi"",""Electro"",""Dance""]",,0.475,2025-09-08 17:18:19.057+00,"{""spotify_track"": true}",0,Fullempty,https://i.scdn.co/image/ab67616d0000b273067490e503e21ec518671a90
2MUZTpr1WsUKOzfTM9SRgt,eez-eh,,48:13 (Deluxe),,179933,,false,,GBARL1400517,https://i.scdn.co/image/ab67616d0000b273b27ecc4bf88ce7d94f8d6c97,,,,,,,,,,,122.000,,,2025-09-09 22:27:16.718+00,2025-09-09 22:27:16.718+00,89134567,,,-8.1,Alternative,"[""indie"",""indie rock"",""alternative"",""rock"",""alternative rock"",""britpop"",""electronic"",""psychedelic"",""Alternative"",""Indie Pop"",""Indie Rock""]",,0.7,2025-09-09 22:27:30.11+00,"{""spotify_track"": true}",122,Kasabian,https://i.scdn.co/image/ab67616d0000b273b27ecc4bf88ce7d94f8d6c97
2o7wQuwySXB2EDtNp7ymJa,I Go,,I Hear You,,332826,,false,,GBBKS2300324,https://i.scdn.co/image/ab67616d0000b273b58857b06c0d9ebf76458dc1,,,,,,,,,,,0.000,,,2025-09-07 19:39:26.233668+00,2025-09-07 19:39:26.233668+00,2804330922,,,-10.6,Dance,"[""house"",""electronic"",""techno"",""korean"",""deep house"",""acid house"",""electronica"",""electro"",""Dance""]",0.4,0.75,2025-09-07 19:41:50.651+00,"{""spotify_track"": true}",0,Peggy Gou,https://i.scdn.co/image/ab67616d0000b273b58857b06c0d9ebf76458dc1
2qRFzxT5nXgzsfYu8jg0M7,So you know,,So you know,,214925,,false,,QZRP42477023,https://i.scdn.co/image/ab67616d0000b273478de1f8775c1113ea6d131d,,,,,,,,,,,0.000,,,2025-09-07 19:39:26.233668+00,2025-09-07 19:39:26.233668+00,3039197751,,,-9.8,Electro,"[""deep house"",""ambient"",""house"",""noise"",""ukraine"",""electronic"",""drone"",""ukrainian"",""Electro"",""Techno/House"",""Dance""]",0.5,0.4,2025-09-07 19:41:56.923+00,"{""spotify_track"": true}",0,Lugovskiy,https://i.scdn.co/image/ab67616d0000b273478de1f8775c1113ea6d131d
2Qy5OVjyaIdp5sP4KMKyW8,Be with Me 2009,,Be with Me 2009,,196010,,false,,TCAIT2458649,https://i.scdn.co/image/ab67616d0000b273088e80c50d3d69c4d52b25d0,,,,,,,,,,,0.000,,,2025-09-07 19:39:26.233668+00,2025-09-07 19:39:26.233668+00,3021001961,,,-12.6,Electro,"[""chill phonk"",""house"",""Electro"",""Dance""]",,0.7,2025-09-07 19:41:53.962+00,"{""spotify_track"": true}",0,belac,https://i.scdn.co/image/ab67616d0000b273088e80c50d3d69c4d52b25d0
2rgtbtPeODayxJBwMo5glI,Ripples In The Timeline,,Ripples In The Timeline,,216868,,false,,USZXT2454981,https://i.scdn.co/image/ab67616d0000b273749e35fa974dba1f712b321c,,,,,,,,,,,0.000,,,2025-09-10 21:45:18.335988+00,2025-09-10 21:45:18.335988+00,2927925311,,,-7.6,Electro,"[""house"",""techno"",""deep house"",""electronic"",""outsider house"",""lo-fi house"",""australian"",""lofi house"",""Electro""]",0.4,0.583,2025-09-12 18:32:39.153+00,"{""spotify_track"": true}",0,"Mall Grab, Real Lies",https://i.scdn.co/image/ab67616d0000b273749e35fa974dba1f712b321c
2TaePDvV47Eaju3cSi5TFz,Bounce to the Beat - Chris Stussy Remix - Edit,,Bounce To The Beat (2024 Remixes),,296066,,false,,QM7282423574,https://i.scdn.co/image/ab67616d0000b273f39e6e603eb39c78b718aed0,,,,,,,,,,,0.000,,,2025-09-07 19:39:26.233668+00,2025-09-07 19:39:26.233668+00,2888208332,,,-10.6,Electro,"[""house"",""electronic"",""dance"",""new york"",""classic house"",""drum and bass"",""dj"",""deep house"",""Electro"",""Techno/House""]",,0.7,2025-09-07 19:41:47.69+00,"{""spotify_track"": true}",0,"Todd Terry, Sound Design, Chris Stussy",https://i.scdn.co/image/ab67616d0000b273f39e6e603eb39c78b718aed0
2WCEzJ2pXmk5Wf6uZEk4ds,groove that never stops,,groove that never stops,,247384,,false,,QM6MZ2598667,https://i.scdn.co/image/ab67616d0000b2738caee1ee417532b34d322b02,,,,,,,,,,,0.000,,,2025-09-07 19:39:26.233668+00,2025-09-07 19:39:26.233668+00,3293342571,,,-6.9,Electro,"[""house"",""deep house"",""Electro"",""Techno/House""]",,0.7,2025-09-07 19:41:51.298+00,"{""spotify_track"": true}",0,Jake Antonio,https://i.scdn.co/image/ab67616d0000b2738caee1ee417532b34d322b02
2yUzr8Sr6ldG8vmHhZwTnz,née-nah,,american dream,,220584,,true,,USSM12309168,https://i.scdn.co/image/ab67616d0000b273bbdceba2bf1867d4966d0347,,,,,,,,,,,0.000,,,2025-09-10 21:45:18.335988+00,2025-09-10 21:45:18.335988+00,2614584412,,,-9.3,Rap/Hip Hop,"[""rap"",""hip-hop"",""travis scott"",""my top songs"",""metro boomin"",""2024"",""21 savage"",""Rap/Hip Hop""]",0.6,0.6,2025-09-12 18:32:38.445+00,"{""spotify_track"": true}",0,"21 Savage, Travis Scott, Metro Boomin",https://i.scdn.co/image/ab67616d0000b273bbdceba2bf1867d4966d0347
32TTewBmtmhUmYxS1ajqaJ,hakuna matata,,One of Wun,,127853,,true,,USAT22403439,https://i.scdn.co/image/ab67616d0000b273c67636f3021f5869095c0fc5,,,,,,,,,,,,,,2025-09-07 19:39:26.233668+00,2025-09-07 19:39:26.233668+00,,,,,rap,"[""rap"",""trap"",""hip-hop"",""atlanta"",""united states"",""american"",""snitch"",""cloud rap""]",0.55,0.65,2025-09-07 19:39:46.967+00,"{""spotify_track"": true}",,Gunna,https://i.scdn.co/image/ab67616d0000b273c67636f3021f5869095c0fc5
36Ce51BaHK5ANV2XDkHL7X,checkonechecktwo_,,"Wavy, Vol. 1",,72893,,true,,QZWFN2319567,https://i.scdn.co/image/ab67616d0000b2739cc4a5c24830074aae06e170,,,,,,,,,,,0.000,,,2025-09-07 19:39:26.233668+00,2025-09-07 19:39:26.233668+00,2588245302,,,-12.1,Rap/Hip Hop,"[""grime"",""rap"",""hip-hop"",""jazz hop"",""mellow grime"",""jazzy grime"",""Rap/Hip Hop""]",0.6,0.6,2025-09-07 19:41:53.319+00,"{""spotify_track"": true}",0,BexBlu,https://i.scdn.co/image/ab67616d0000b2739cc4a5c24830074aae06e170
36mGQaqY8aAJymroskFw9B,Untitled 01,,Untitled 01,,330220,,false,,QZHN82364145,https://i.scdn.co/image/ab67616d0000b2737b28c6aef2993b98a7d4ad51,,,,,,,,,,,0.000,,,2025-09-09 22:27:16.718+00,2025-09-09 22:27:16.718+00,2233710717,,,-10.3,Electro,"[""Electro"",""Dance""]",,,2025-09-09 22:27:29.76+00,"{""spotify_track"": true}",0,Leod,https://i.scdn.co/image/ab67616d0000b2737b28c6aef2993b98a7d4ad51
37e1f8OLbK1pcdleTQ5A3O,Defy Gravity,,Defy Gravity,,210535,,false,,GBZHR2500442,https://i.scdn.co/image/ab67616d0000b273907c3d936805ffd092796007,,,,,,,,,,,0.000,,,2025-09-07 19:39:26.233668+00,2025-09-07 19:39:26.233668+00,3358399361,,,-11.3,Electro,"[""house"",""deep house"",""electronic"",""germany"",""dang"",""hella dope"",""funk_add_to_lidarr_1"",""funk_add_to_lidarr_batch_24"",""Electro""]",,0.7,2025-09-07 19:41:50.283+00,"{""spotify_track"": true}",0,Session Victim,https://i.scdn.co/image/ab67616d0000b273907c3d936805ffd092796007
37Tmv4NnfQeb0ZgUC4fOJj,Sultans Of Swing,,Dire Straits,,348400,,false,,GBF089601041,https://i.scdn.co/image/ab67616d0000b273b49d49cc95564aede7998bb8,,,,,,,,,,,148.190,,,2025-09-07 19:39:26.233668+00,2025-09-07 19:39:26.233668+00,2263033,,,-14.2,Rock,"[""classic rock"",""rock"",""80s"",""dire straits"",""guitar"",""blues rock"",""70s"",""blues"",""Rock""]",,0.7,2025-09-07 19:41:54.318+00,"{""spotify_track"": true}",148.19,Dire Straits,https://i.scdn.co/image/ab67616d0000b273b49d49cc95564aede7998bb8
3cWOGAKRjJ5YuswXTas1EJ,Playhouse,,Playhouse,,209997,,false,,GBK6Y2320601,https://i.scdn.co/image/ab67616d0000b273f51a92d812e4cb3d93717cf7,,,,,,,,,,,0.000,,,2025-09-13 18:30:02.886268+00,2025-09-13 18:30:02.886268+00,2208565297,,,-10.3,,,,,2025-09-13 18:40:31.322+00,"{""lastfm"": {""ok"": true, ""track"": ""Playhouse"", ""artist"": ""Charlie Iapicone"", ""tagsFetched"": 0}}",0,"Charlie Iapicone, Len Vitz",https://i.scdn.co/image/ab67616d0000b273f51a92d812e4cb3d93717cf7
3fbKGGYiEwJBVysVH5eLha,Alloriaqigit,,TAKKUUK (Original Soundtrack),,281835,,false,,GBCFB2500313,https://i.scdn.co/image/ab67616d0000b273bb9397721686bfc8c6fc6981,,,,,,,,,,,0.000,,,2025-09-09 22:27:16.718+00,2025-09-09 22:27:16.718+00,3443537881,,,-11.7,Electro,"[""Electro""]",,,2025-09-09 22:27:34.054+00,"{""spotify_track"": true}",0,"BICEP, Sebastian Enequist",https://i.scdn.co/image/ab67616d0000b273bb9397721686bfc8c6fc6981
3fyCQcrC9FiDWWD3uP2QwD,Resonate,,Reflection,,276125,,false,,QM24S2103279,https://i.scdn.co/image/ab67616d0000b2735cfa0a2c78a4af941cdff242,,,,,,,,,,,0.000,,,2025-09-09 22:27:16.718+00,2025-09-09 22:27:16.718+00,1660061352,,,-10.8,Electro,"[""electronic"",""house"",""dance"",""techno"",""edm"",""anjunadeep"",""germany"",""funk_add_to_lidarr_batch_22"",""Electro""]",0.4,0.75,2025-09-09 22:27:33.434+00,"{""spotify_track"": true}",0,Rezident,https://i.scdn.co/image/ab67616d0000b2735cfa0a2c78a4af941cdff242
3h7aoPHmsUadRWUK0wsic4,Barz Simpson,,White Girl Wasted,,214946,,false,,US25X2202668,https://i.scdn.co/image/ab67616d0000b273fa1f4fbb44dc44aef3c6ec08,,,,,,,,,,,0.000,,,2025-09-09 22:27:16.718+00,2025-09-09 22:27:16.718+00,2349413355,,,-10.6,Rap/Hip Hop,"[""all"",""funk"",""hip-hop"",""rap"",""trap"",""Rap/Hip Hop""]",0.55,0.65,2025-09-09 22:27:32.179+00,"{""spotify_track"": true}",0,"Sonnyjim, The Purist, MF DOOM, Jay Electronica",https://i.scdn.co/image/ab67616d0000b273fa1f4fbb44dc44aef3c6ec08
3Lg9PtxYQUni1zbFGl0CaV,i just need somebody - Radio Edit,,i just need somebody (Radio Edit),,131522,,false,,QZTAU2467210,https://i.scdn.co/image/ab67616d0000b273eab75af6cccb5452bb104771,,,,,,,,,,,0.000,,,2025-09-07 19:39:26.233668+00,2025-09-07 19:39:26.233668+00,2901000081,,,-11.2,Electro,"[""house"",""band"",""pop rock"",""pop-rock"",""underground"",""deep house"",""Electro"",""Dance""]",,0.7,2025-09-07 19:41:49.151+00,"{""spotify_track"": true}",0,"DJibouti, QUASAR",https://i.scdn.co/image/ab67616d0000b273eab75af6cccb5452bb104771
3oCENTuQyoJVoLSgnXRP5Y,Be Mine,,Be Mine,,128840,,false,,GX3Q92372415,https://i.scdn.co/image/ab67616d0000b273df8771270a4306ab2582ff69,,,,,,,,,,,0.000,,,2025-09-12 18:32:36.299244+00,2025-09-12 18:32:36.299244+00,2211905997,,,-9.3,,,,,2025-09-13 18:40:30.344+00,"{""spotify_track"": true}",0,Callum George,https://i.scdn.co/image/ab67616d0000b273df8771270a4306ab2582ff69
3whmx5Ptrqzx2c101FJFi3,Help Me Lose My Mind,,Settle (Deluxe Version),,244174,,false,,GBUM71302630,https://i.scdn.co/image/ab67616d0000b273d3462d1395189dc76a326031,,,,,,,,,,,109.100,,,2025-09-08 20:44:04.208472+00,2025-09-08 20:44:04.208472+00,67563961,,,-8.5,Electro,"[""electronic"",""uk garage"",""house"",""future garage"",""dubstep"",""deep house"",""uk funky"",""rhythmic noise"",""Electro""]",,0.7,2025-09-08 23:30:22.369+00,"{""spotify_track"": true}",109.1,"Disclosure, London Grammar",https://i.scdn.co/image/ab67616d0000b273d3462d1395189dc76a326031
40mjsnRjCpycdUw3xhS20g,GATTI,,JACKBOYS,,181144,,true,,USSM11915307,https://i.scdn.co/image/ab67616d0000b273dfc2f59568272de50a257f2f,,,,,,,,,,,143.060,,,2025-09-09 22:27:16.718+00,2025-09-09 22:27:16.718+00,841897112,,,-9.2,Rap/Hip Hop,"[""drill"",""rap"",""hip-hop"",""trap"",""east coast hip hop"",""new york"",""ny drill"",""brooklyn"",""Rap/Hip Hop""]",0.55,0.65,2025-09-09 22:27:31.53+00,"{""spotify_track"": true}",143.06,"JACKBOYS, Pop Smoke, Travis Scott",https://i.scdn.co/image/ab67616d0000b273dfc2f59568272de50a257f2f
43FiKNMmSDaI7V1U8i5CZI,Won't Stop (Don't),,Won't Stop (Don't),,233306,,false,,UKU932483278,https://i.scdn.co/image/ab67616d0000b2732bbab7d9b8c455e6c418d2b5,,,,,,,,,,,0.000,,,2025-09-07 19:39:26.233668+00,2025-09-07 19:39:26.233668+00,3028778451,,,-9.5,Electro,"[""deep house"",""house"",""techno"",""electronic"",""tech house"",""dutch"",""chill house"",""Electro"",""Dance""]",0.4,0.75,2025-09-07 19:41:51.908+00,"{""spotify_track"": true}",0,Chris Stussy,https://i.scdn.co/image/ab67616d0000b2732bbab7d9b8c455e6c418d2b5
4CBjxkRcl9ZF9zCcPF8nUI,oh you,,oh you,,170666,,false,,QZWFU2552121,https://i.scdn.co/image/ab67616d0000b27331e4cbd4cf4216acd7a52323,,,,,,,,,,,0.000,,,2025-09-07 19:39:26.233668+00,2025-09-07 19:39:26.233668+00,3498486441,,,-8,Electro,"[""Electro"",""Dance""]",,,2025-09-07 19:42:02.11+00,"{""spotify_track"": true}",0,notdavid,https://i.scdn.co/image/ab67616d0000b27331e4cbd4cf4216acd7a52323
4dBT9YgndxaNS0Fp1PSHZ0,Blessings - KETTAMA Remix,,Blessings (KETTAMA Remix),,277806,,false,,GBARL2500993,https://i.scdn.co/image/ab67616d0000b27330c22c1f5b4518e7c795974e,,,,,,,,,,,0.000,,,2025-09-07 19:39:26.233668+00,2025-09-07 19:39:26.233668+00,3445246391,,,-8.5,Dance,"[""electronic"",""dance"",""electro"",""disco"",""electronica"",""house"",""scottish"",""electropop"",""Dance""]",0.7,0.667,2025-09-07 19:42:02.405+00,"{""spotify_track"": true}",0,"Calvin Harris, Clementine Douglas, KETTAMA",https://i.scdn.co/image/ab67616d0000b27330c22c1f5b4518e7c795974e
4GdTGFtRYvOLCWG7FQq8is,Everything - DJ Nobu Remix,,Unspoken Words Remixes I,,352300,,false,,DGA082296659,https://i.scdn.co/image/ab67616d0000b2739adc9ce360aa92ffd5d6eb2f,,,,,,,,,,,0.000,,,2025-09-12 18:32:36.299244+00,2025-09-12 18:32:36.299244+00,2087491927,,,-13.5,Electro,"[""minimal"",""minimal techno"",""techno"",""electronic"",""tech house"",""idm"",""neotrance"",""max cooper"",""Electro""]",0.4,0.8,2025-09-12 19:58:27.88+00,"{""spotify_track"": true}",0,"Max Cooper, DJ Nobu",https://i.scdn.co/image/ab67616d0000b2739adc9ce360aa92ffd5d6eb2f
4JbKkoQQ8mCG45KpwEzPk7,Lie To Me,,Lie To Me,,169639,,false,,GBEFR2309231,https://i.scdn.co/image/ab67616d0000b27336780601bb0315cf2dc2c511,,,,,,,,,,,0.000,,,2025-09-08 20:44:04.208472+00,2025-09-08 20:44:04.208472+00,2856834792,,,-7.7,Electro,"[""Electro"",""Techno/House"",""Dance""]",,,2025-09-08 23:30:23.506+00,"{""spotify_track"": true}",0,Van Damn,https://i.scdn.co/image/ab67616d0000b27336780601bb0315cf2dc2c511
4lq48b16GxnFcPHUHJ3FK8,Step By Step,,Step By Step,,179779,,false,,US38Y2435157,https://i.scdn.co/image/ab67616d0000b273250a856909c388fcf4d99f3d,,,,,,,,,,,0.000,,,2025-09-12 18:32:36.299244+00,2025-09-12 18:32:36.299244+00,3149420361,,,-10.3,Electro,"[""house"",""dutch"",""deep house"",""Electro"",""Dance""]",,0.7,2025-09-12 19:58:26.859+00,"{""spotify_track"": true}",0,Marsolo,https://i.scdn.co/image/ab67616d0000b273250a856909c388fcf4d99f3d
4MyREnmB1D6ODsvsGiyKHV,Hopecore,,Hopecore,,180219,,false,,GBCFB2401258,https://i.scdn.co/image/ab67616d0000b2738c44d5c8dee809d823ea2123,,,,,,,,,,,0.000,,,2025-09-09 22:27:16.718+00,2025-09-09 22:27:16.718+00,3041744371,,,-7,Electro,"[""house"",""electronic"",""outsider house"",""deep house"",""lo-fi house"",""techno"",""sweden"",""breakbeat"",""Electro""]",0.4,0.75,2025-09-09 22:27:35.288+00,"{""spotify_track"": true}",0,DJ Seinfeld,https://i.scdn.co/image/ab67616d0000b2738c44d5c8dee809d823ea2123
4N7VN1PqjJnTpeHHDqRgwg,Not Fair,,Not Fair,,169398,,false,,NLF712503100,https://i.scdn.co/image/ab67616d0000b2731f2a8f0a559a1321a1cabed1,,,,,,,,,,,0.000,,,2025-09-07 19:39:26.233668+00,2025-09-07 19:39:26.233668+00,3354523511,,,-7.3,Dance,"[""techno"",""rave"",""Dance"",""Trance""]",0.4,0.85,2025-09-07 19:41:57.573+00,"{""spotify_track"": true}",0,"Janis Zielinski, sowhy3",https://i.scdn.co/image/ab67616d0000b2731f2a8f0a559a1321a1cabed1
4tqdsD2enJyRsXr6ZTbuib,Needed Me,,Needed Me,,290277,,false,,DECE72501750,https://i.scdn.co/image/ab67616d0000b2733c83f2d96b71b1786f5ea02e,,,,,,,,,,,0.000,,,2025-09-07 19:39:26.233668+00,2025-09-07 19:39:26.233668+00,3401797391,,,-6.4,Electro,"[""Electro""]",,,2025-09-07 19:41:49.473+00,"{""spotify_track"": true}",0,KELLAR,https://i.scdn.co/image/ab67616d0000b2733c83f2d96b71b1786f5ea02e
4TvxDMTOkbK2yt7IfHWqZQ,The Format,,The Format (Special Edition),,183440,,true,,USFZH0701074,https://i.scdn.co/image/ab67616d0000b2734debc8ac47ca47f4659a9bf7,,,,,,,,,,,0.000,,,2025-09-09 22:27:16.718+00,2025-09-09 22:27:16.718+00,696376612,,,-8.4,Rap/Hip Hop,"[""hip-hop"",""turntablism"",""producer"",""rap"",""instrumental hip-hop"",""new york"",""underground hip-hop"",""gang starr"",""Rap/Hip Hop""]",0.6,0.6,2025-09-09 22:27:33.128+00,"{""spotify_track"": true}",0,"AZ, DJ Premier",https://i.scdn.co/image/ab67616d0000b2734debc8ac47ca47f4659a9bf7
4VGvosVIeFMCUwHibq7a9Z,Encore,,The Getaway,,254866,,false,,USWB11600626,https://i.scdn.co/image/ab67616d0000b27358406b3f1ac3ceaff7a64fef,,,,,,,,,,,104.930,,,2025-09-08 20:44:04.208472+00,2025-09-08 20:44:04.208472+00,126534891,,,-8.7,Alternative,"[""rock"",""alternative rock"",""funk rock"",""alternative"",""funk"",""american"",""red hot chili peppers"",""california"",""Alternative""]",,0.7,2025-09-08 23:30:23.105+00,"{""spotify_track"": true}",104.93,Red Hot Chili Peppers,https://i.scdn.co/image/ab67616d0000b27358406b3f1ac3ceaff7a64fef
4vqZk6EL4i4lSYHMViNnuV,Space Pump (Space Jam),,Space Pump (Space Jam),,165000,,false,,USNRS2544199,https://i.scdn.co/image/ab67616d0000b273eb41ad771889d1e88e310bb7,,,,,,,,,,,0.000,,,2025-09-12 19:58:23.253752+00,2025-09-12 19:58:23.253752+00,3504338471,,,-8.3,Dance,"[""depressive black metal"",""black metal"",""experimental"",""folk"",""ambient"",""electroclash"",""mexican black metal"",""wave"",""Dance""]",0.55,0.35,2025-09-12 20:19:53.325+00,"{""spotify_track"": true}",0,Vinter,https://i.scdn.co/image/ab67616d0000b273eb41ad771889d1e88e310bb7
50w9fkTwVvYWYxL0tMSwQ5,You're Not a Popstar,,Stay With Me,,224958,,false,,USZXT2557036,https://i.scdn.co/image/ab67616d0000b273292287294659bd9b105fc4ef,,,,,,,,,,,0.000,,,2025-09-08 20:44:04.208472+00,2025-09-08 20:44:04.208472+00,3367937581,,,-8.5,Electro,"[""techno"",""electro"",""rave"",""electronic"",""trance"",""breaks"",""breakbeat"",""acid"",""Electro""]",0.5,0.817,2025-09-08 23:30:22.006+00,"{""spotify_track"": true}",0,X CLUB.,https://i.scdn.co/image/ab67616d0000b273292287294659bd9b105fc4ef
54PGeitLMNZPRjA0Bhf6im,Luv 4 Real,,Luv 4 Real,,134929,,false,,QMBZ92256727,https://i.scdn.co/image/ab67616d0000b2731eedd45da77109a8e164af71,,,,,,,,,,,0.000,,,2025-09-07 19:39:26.233668+00,2025-09-07 19:39:26.233668+00,1872371627,,,-8.8,Electro,"[""electronic"",""dance"",""lo-fi"",""chillhop"",""instrumental hip-hop"",""united kingdom"",""Electro"",""Techno/House""]",,0.475,2025-09-07 19:41:47.034+00,"{""spotify_track"": true}",0,"Fabich, Kasper G",https://i.scdn.co/image/ab67616d0000b2731eedd45da77109a8e164af71
5H034dqId4Iiv1lAKEyK9J,HIGH!,,HIGH!,,179964,,false,,GXH2J2598371,https://i.scdn.co/image/ab67616d0000b273b9b7238b2af006556d5a38b0,,,,,,,,,,,0.000,,,2025-09-09 22:27:16.718+00,2025-09-09 22:27:16.718+00,3456925041,,,-7.9,Pop,"[""Pop""]",,,2025-09-09 22:27:32.789+00,"{""spotify_track"": true}",0,Oh! Alfie,https://i.scdn.co/image/ab67616d0000b273b9b7238b2af006556d5a38b0
5H4mXWKcicuLKDn4Jy0sK7,Time Flies,,Dark Lane Demo Tapes,,192931,,true,,USUG12001728,https://i.scdn.co/image/ab67616d0000b273bba7cfaf7c59ff0898acba1f,,,,,,,,,,,0.000,,,2025-09-07 19:39:26.233668+00,2025-09-07 19:39:26.233668+00,947861122,,,-8.5,Rap/Hip Hop,"[""drake"",""rnb"",""dance pop"",""pop rap"",""alternative rnb"",""2020"",""trapsoul"",""Rap/Hip Hop""]",,,2025-09-07 19:41:59.889+00,"{""spotify_track"": true}",0,Drake,https://i.scdn.co/image/ab67616d0000b273bba7cfaf7c59ff0898acba1f
5Ip8oS983hgW1y7XXWZiox,Dead Poets,,Adult Fiction 03,,304110,,false,,GBLV61929635,https://i.scdn.co/image/ab67616d0000b27359282a1283d5b0b4372ffff1,,,,,,,,,,,0.000,,,2025-09-07 19:39:26.233668+00,2025-09-07 19:39:26.233668+00,879750382,,,-10.7,Dance,"[""Dance""]",,,2025-09-07 19:41:51.61+00,"{""spotify_track"": true}",0,Adult Fiction,https://i.scdn.co/image/ab67616d0000b27359282a1283d5b0b4372ffff1
5kTgxj2ozNLoHtTL78fnMb,Seoul Station,,I AM DATSKO,,222280,,false,,QZDA82576992,https://i.scdn.co/image/ab67616d0000b273141f607bd3d2f635925f738c,,,,,,,,,,,0.000,,,2025-09-07 19:39:26.233668+00,2025-09-07 19:39:26.233668+00,3215063651,,,-9.8,Electro,"[""house"",""deep house"",""lofi house"",""lo-fi house"",""Electro"",""Dance""]",,0.7,2025-09-07 19:41:58.582+00,"{""spotify_track"": true}",0,DATSKO,https://i.scdn.co/image/ab67616d0000b273141f607bd3d2f635925f738c
5ljDscBqnogTByDUmVwJyR,what if,,what if,,106666,,false,,QZZ792528018,https://i.scdn.co/image/ab67616d0000b273f077666540d9f5d7538621ba,,,,,,,,,,,0.000,,,2025-09-07 19:39:26.233668+00,2025-09-07 19:39:26.233668+00,3519848631,,,-8.3,Electro,"[""Electro"",""Dance""]",,,2025-09-07 19:41:52.614+00,"{""spotify_track"": true}",0,notdavid,https://i.scdn.co/image/ab67616d0000b273f077666540d9f5d7538621ba
5MJoLtv2jq9gPsxd5jXVpq,One Night in Paris,,Nostalgics 001,,375000,,false,,UKACT2031969,https://i.scdn.co/image/ab67616d0000b27336281abc3cefa0cdf8fb8338,,,,,,,,,,,0.000,,,2025-09-09 22:27:16.718+00,2025-09-09 22:27:16.718+00,1100992352,,,-10.9,Electro,"[""house"",""deep house"",""electronic"",""jungle"",""drum and bass"",""Electro"",""Techno/House"",""Dance""]",,0.7,2025-09-09 22:27:30.592+00,"{""spotify_track"": true}",0,Marc Brauner,https://i.scdn.co/image/ab67616d0000b27336281abc3cefa0cdf8fb8338
5PTZJWka2Y6esj5u9AvldQ,Sugar Baby,,Sugar Baby,,156363,,false,,DGA092454195,https://i.scdn.co/image/ab67616d0000b273745ded722c6ac4a4264674f7,,,,,,,,,,,0.000,,,2025-09-07 19:39:26.233668+00,2025-09-07 19:39:26.233668+00,2945045041,,,-8.4,Electro,"[""cinematic"",""orchestral"",""Electro"",""Dance""]",,,2025-09-07 19:41:50.977+00,"{""spotify_track"": true}",0,LYOD,https://i.scdn.co/image/ab67616d0000b273745ded722c6ac4a4264674f7
5qZMdIYFvMPRw4Q0Z05zbL,Plain Sailing,,Plain Sailing,,245141,,false,,UK9AV2502312,https://i.scdn.co/image/ab67616d0000b273ce04c3aac72c3dda57df31e8,,,,,,,,,,,0.000,,,2025-09-09 22:27:16.718+00,2025-09-09 22:27:16.718+00,3441240061,,,-14.6,Electro,"[""electronic"",""chillwave"",""psychedelic"",""dubstep"",""glo-fi"",""idm"",""experimental"",""ambient"",""Electro""]",0.5,0.1,2025-09-09 22:27:33.724+00,"{""spotify_track"": true}",0,Gold Panda,https://i.scdn.co/image/ab67616d0000b273ce04c3aac72c3dda57df31e8
5WSnuB71GFjFsi3yoyEFG3,FM'92,,FM'92,,123870,,false,,GXBAV2062200,https://i.scdn.co/image/ab67616d0000b2733757966d981ece5d61ccebf9,,,,,,,,,,,0.000,,,2025-09-07 19:39:26.233668+00,2025-09-07 19:39:26.233668+00,3460997501,,,-5.9,Dance,"[""electronic"",""dance"",""hardwave"",""france"",""ambient"",""trance"",""instrumental"",""synthwave"",""Dance""]",0.55,0.587,2025-09-07 19:41:48.411+00,"{""spotify_track"": true}",0,Willix,https://i.scdn.co/image/ab67616d0000b2733757966d981ece5d61ccebf9
5xcunlfaZvD9BDQsLONI7A,HALCYON + ON + ON,,Orbital 2,,567106,,false,,GBAAP9500471,https://i.scdn.co/image/ab67616d0000b27377b9f7b0a2ac5f99ea5f230b,,,,,,,,,,,0.000,,,2025-09-07 19:39:26.233668+00,2025-09-07 19:39:26.233668+00,428937302,,,-15.4,Electro,"[""electronic"",""techno"",""ambient"",""idm"",""electronica"",""ambient techno"",""trance"",""chillout"",""Electro""]",0.5,0.587,2025-09-07 19:41:58.916+00,"{""spotify_track"": true}",0,Orbital,https://i.scdn.co/image/ab67616d0000b27377b9f7b0a2ac5f99ea5f230b
5Y5D9xGteT5UM8Bwxx7b3J,Love Me Anymore,,Supreme Clientele 2,,169818,,true,,QMDA62591826,https://i.scdn.co/image/ab67616d0000b273749bf07415d1c58ba1547341,,,,,,,,,,,0.000,,,2025-09-08 17:56:27.239885+00,2025-09-08 17:56:27.239885+00,3474822081,,,-8.6,Rap/Hip Hop,"[""hip-hop"",""rap"",""wu-tang"",""east coast rap"",""east coast"",""wu-tang clan"",""new york"",""underground hip-hop"",""Rap/Hip Hop""]",0.6,0.6,2025-09-08 23:30:21.555+00,"{""spotify_track"": true}",0,"Ghostface Killah, Nas",https://i.scdn.co/image/ab67616d0000b273749bf07415d1c58ba1547341
65f5izVTlsInVMJkndhsCv,patience,,patience,,171840,,false,,QZWFK2531319,https://i.scdn.co/image/ab67616d0000b27311d0816edd82834d4a41bc7c,,,,,,,,,,,0.000,,,2025-09-07 19:39:26.233668+00,2025-09-07 19:39:26.233668+00,3469427181,,,-8.7,Alternative,"[""Alternative"",""Indie Pop"",""Indie Rock""]",,,2025-09-07 19:41:57.229+00,"{""spotify_track"": true}",0,notdavid,https://i.scdn.co/image/ab67616d0000b27311d0816edd82834d4a41bc7c
69x5l9G02C2IS7InPrjtqQ,Still,,Vicious EP,,217184,,true,,QM7281756615,https://i.scdn.co/image/ab67616d0000b273ca1de25b82cf2e1d0771c0c2,,,,,,,,,,,140.150,,,2025-09-07 19:39:26.233668+00,2025-09-07 19:39:26.233668+00,422654912,,,-8.9,Rap/Hip Hop,"[""grime"",""dubstep"",""hip-hop"",""uk garage"",""rap"",""uk hiphop"",""uk hip-hop"",""Rap/Hip Hop""]",0.6,0.6,2025-09-07 19:41:52.949+00,"{""spotify_track"": true}",140.15,Skepta,https://i.scdn.co/image/ab67616d0000b273ca1de25b82cf2e1d0771c0c2
6JWddKPdqvDc2WkPEi9grC,Have A Nice Day,,Just Enough Education To Perform,,205066,,false,,GBBLK0000233,https://i.scdn.co/image/ab67616d0000b273671c709e025a3ed8c956d115,,,,,,,,,,,120.900,,,2025-09-09 22:27:16.718+00,2025-09-09 22:27:16.718+00,888118,,,-6.9,Rock,"[""rock"",""britpop"",""indie"",""alternative"",""indie rock"",""alternative rock"",""welsh"",""stereophonics"",""Rock""]",,0.7,2025-09-09 22:27:35.598+00,"{""spotify_track"": true}",120.9,Stereophonics,https://i.scdn.co/image/ab67616d0000b273671c709e025a3ed8c956d115
74b2CQJhjhf9zTNzbYyUj1,Veno,,Veno,,217142,,false,,QZHN52414129,https://i.scdn.co/image/ab67616d0000b273d1a2a01172fec1971eff2b57,,,,,,,,,,,0.000,,,2025-09-13 18:30:02.886268+00,2025-09-13 18:30:02.886268+00,2699122102,,,-12.9,Electro,"[""lo-fi house"",""house"",""electronic"",""lo-fi"",""Electro"",""Dance""]",,0.475,2025-09-13 18:37:26.849+00,"{""spotify_track"": true}",0,Fullempty,https://i.scdn.co/image/ab67616d0000b273d1a2a01172fec1971eff2b57
77FzyS1gehPZRW7QgUtGuV,Sunrise,,Sunrise,,197760,,false,,QZES52179378,https://i.scdn.co/image/ab67616d0000b27304179796dbb69bc20de2dbc9,,,,,,,,,,,0.000,,,2025-09-12 18:32:36.299244+00,2025-09-12 18:32:36.299244+00,1285154352,,,-9.5,Electro,"[""Electro"",""Dance""]",,,2025-09-12 19:58:27.505+00,"{""spotify_track"": true}",0,Subtrax,https://i.scdn.co/image/ab67616d0000b27304179796dbb69bc20de2dbc9
7BmGr1fNw6Fv0BxIxvAEwJ,Sequences,,Sequences,,232432,,false,,QZK6G2170642,https://i.scdn.co/image/ab67616d0000b273c82abb751d97175776315b04,,,,,,,,,,,0.000,,,2025-09-09 22:27:16.718+00,2025-09-09 22:27:16.718+00,1465280142,,,-8.8,Electro,"[""dance"",""electronic"",""Electro"",""Dance""]",,0.7,2025-09-09 22:27:34.675+00,"{""spotify_track"": true}",0,Froman,https://i.scdn.co/image/ab67616d0000b273c82abb751d97175776315b04
7ClEMzpSQixYIBEFdyJtX4,Follow Me,,Follow Me,,186333,,true,,SEYOK1763236,https://i.scdn.co/image/ab67616d0000b273f157a604a31b631d9d2e0f3c,,,,,,,,,,,133.800,,,2025-09-07 19:39:26.233668+00,2025-09-07 19:39:26.233668+00,573357982,,,-10,Rap/Hip Hop,"[""chillhop"",""dark"",""Rap/Hip Hop""]",0.2,,2025-09-07 19:41:53.66+00,"{""spotify_track"": true}",133.8,"Rella, Conor Gardiner",https://i.scdn.co/image/ab67616d0000b273f157a604a31b631d9d2e0f3c
7dYjEwbLJ1B5reoz3lWra0,Nova,,Nova / Moth,,342000,,false,,GBXNG2218001,https://i.scdn.co/image/ab67616d0000b273e2d9a602677ab3313e876fb1,,,,,,,,,,,0.000,,,2025-09-07 19:39:26.233668+00,2025-09-07 19:39:26.233668+00,1635226032,,,-12.3,Electro,"[""dubstep"",""ambient"",""electronic"",""experimental"",""electronica"",""future garage"",""idm"",""uk garage"",""Electro""]",0.5,0.1,2025-09-07 19:42:01.195+00,"{""spotify_track"": true}",0,"Burial, Four Tet",https://i.scdn.co/image/ab67616d0000b273e2d9a602677ab3313e876fb1
7e19IpBFv1ZS0navRtitY8,1+1=11 - Spray Remix,,I Hear You – Bonus Tracks Edition,,387000,,false,,GBBKS2400305,https://i.scdn.co/image/ab67616d0000b27392962a23e27072a8084d31a3,,,,,,,,,,,0.000,,,2025-09-07 19:39:26.233668+00,2025-09-07 19:39:26.233668+00,2981007941,,,-7.7,Dance,"[""house"",""electronic"",""techno"",""korean"",""deep house"",""acid house"",""electronica"",""electro"",""Dance""]",0.4,0.75,2025-09-07 19:41:55.788+00,"{""spotify_track"": true}",0,"Peggy Gou, Spray",https://i.scdn.co/image/ab67616d0000b27392962a23e27072a8084d31a3
7EvlP8SykBwkCOQUsGj26L,Sunbird,,Sunbird,,196691,,false,,GBLFP2585654,https://i.scdn.co/image/ab67616d0000b27333976b904752332bf8fe2ff2,,,,,,,,,,,0.000,,,2025-09-12 18:32:36.299244+00,2025-09-12 18:32:36.299244+00,3335195371,,,-10.5,,,,,2025-09-13 18:40:30.839+00,"{""lastfm"": {""ok"": true, ""track"": ""Sunbird"", ""artist"": ""Dimi Darko"", ""tagsFetched"": 0}}",0,Dimi Darko,https://i.scdn.co/image/ab67616d0000b27333976b904752332bf8fe2ff2
7iKwplnguwdrhctM0ciBRA,CLARITY,,CLARITY,,190222,,false,,CA5KR2588475,https://i.scdn.co/image/ab67616d0000b2736234cffc2fbabc96cce0e346,,,,,,,,,,,0.000,,,2025-09-07 19:39:26.233668+00,2025-09-07 19:39:26.233668+00,3526836531,,,-9,Electro,"[""Electro""]",,,2025-09-07 19:41:49.939+00,"{""spotify_track"": true}",0,xxtristanxo,https://i.scdn.co/image/ab67616d0000b2736234cffc2fbabc96cce0e346
7jajV30tWbMPRxEsSruP4r,Limitless,,Searching - EP,,344037,,false,,UKACT2330860,https://i.scdn.co/image/ab67616d0000b27327a5a4e6aafa9f4776b965cc,,,,,,,,,,,0.000,,,2025-09-09 22:27:16.718+00,2025-09-09 22:27:16.718+00,2216432287,,,-11.2,Electro,"[""electronic"",""house"",""deep house"",""Electro"",""Dance""]",,0.7,2025-09-09 22:27:30.919+00,"{""spotify_track"": true}",0,Soul Wun,https://i.scdn.co/image/ab67616d0000b27327a5a4e6aafa9f4776b965cc
7jxnHknJtjE1MM8IfUidMF,Incredible Sauce (feat. Dave),,Zero Tolerance,,243883,,true,,QMBZ92352786,https://i.scdn.co/image/ab67616d0000b2731719a4fd31ecdf60eeccf227,,,,,,,,,,,0.000,,,2025-09-07 19:39:26.233668+00,2025-09-07 19:39:26.233668+00,2407484045,,,-13.2,Rap/Hip Hop,"[""grime"",""rap"",""hip-hop"",""uk hip hop"",""hard"",""uk hip-hop"",""london"",""Rap/Hip Hop""]",0.6,0.6,2025-09-07 19:41:59.235+00,"{""spotify_track"": true}",0,"Giggs, Dave",https://i.scdn.co/image/ab67616d0000b2731719a4fd31ecdf60eeccf227